Commit,Date,Message
"cf5918d","2025-02-25","add-tx-toasters-for-bets"
"d5456c4","2025-02-25","add-timer"
"bf66956","2025-02-25","fix-build-add-balance-updates-add-cancellations-in-side-bar"
"a1942b5","2025-02-25","create-cancel-bets-working"
"aa7e6d3","2025-02-24","configure-timing-of-competitions"
"33c6830","2025-02-24","update-admin-form-with-new-token-mappings"
"bac04d3","2025-02-24","update-token-feed-mapping-with-new-treasury-display"
"8bd0336","2025-02-24","Merge pull request #78 from talentgram/77-re-integrate-privy-after-migration-changes"
"9d42c8b","2025-02-24","clean-build-with-comments"
"e3a2aea","2025-02-24","fix-privy-login-in-layout"
"d495dd6","2025-02-23","Merge pull request #75 from talentgram/feat/ui-improvements"
"4d7e32e","2025-02-23","remove NodeGlobalsPolyfillPlugin"
"b66817f","2025-02-23","BUILD: VITE config fix"
"b564aca","2025-02-23","Merge pull request #74 from talentgram/feat/ui-improvements"
"29aca99","2025-02-23","fix linting errors"
"85ca69c","2025-02-23","pnpm lock file"
"86c0259","2025-02-23","fix: landing page fix file"
"edd903f","2025-02-23","Merge remote-tracking branch 'origin/main' into feat/ui-improvements"
"065c114","2025-02-23","fix: home page header when loggdin"
"4f5a78d","2025-02-23","force wtf route"
"92897a8","2025-02-23","update route"
"c84f17a","2025-02-23","fix account page"
"f454323","2025-02-23","add-layout-privy-check-and-privy-connect-in-onboarding"
"fdb9da4","2025-02-23","need helo"
"bbce1bf","2025-02-23","check if user wallet connect"
"bf5114c","2025-02-23","fix footer"
"bff1aa5","2025-02-23","fix package deps"
"772040d","2025-02-23","added landing page"
"6d5563a","2025-02-22","feat: add the landing pagE"
"26b193f","2025-02-22","feat: fixing ui issues"
"ae63f54","2025-02-22","Merge pull request #73 from talentgram/setup-test-devnet-environment"
"1f5e7f2","2025-02-21","clean"
"09f7267","2025-02-21","setup-test-devnet-env"
"1bf4b08","2025-02-21","Merge pull request #67 from talentgram/66-fix-bet-cancellations-treasury-withdrawals-and-pool-settlements-in-smart-contracts"
"4ff2196","2025-02-21","update-treasury-test-for-env"
"71171f0","2025-02-21","update-tests"
"6e73b8d","2025-02-21","fix-pnpm-build"
"053a953","2025-02-21","update-with-main"
"1261e4b","2025-02-21","update-test-with-sdk-for-environment-setup"
"f096c6d","2025-02-21","allow-tests-to-run-in-unison"
"ffe7f55","2025-02-21","tests-passing-inunison-and-removing-treasury-state-from-pool"
"ba52765","2025-02-21","update-treasury-account-for-cancel-bet"
"cce37ef","2025-02-21","enable-tests-settlement-tests-passing"
"b18a7b5","2025-02-20","fix-settle-signing-logic-with-pda"
"ec263bb","2025-02-19","Merge pull request #72 from talentgram/68-check-the-patch-for-the-frontend-skeleton-ui"
"2c7ddbe","2025-02-19","update-clean-build"
"df59e08","2025-02-19","update-betting-page"
"1762f1b","2025-02-19","add-public-files"
"b3863d0","2025-02-19","migrate-skeleton-ui-files"
"91d4593","2025-02-18","testing-bet-settlements"
"cf5efcf","2025-02-18","bets-passing-with-other-tests"
"9568838","2025-02-18","competition-pools-treasury-passing-tests"
"c00e4db","2025-02-18","update-testing-setup-make-it-faster"
"eb7c41f","2025-02-18","fix-treasury-withdrawal"
"b1430a4","2025-02-18","fix-treasury-deposits"
"3a28a2e","2025-02-18","update-sdk-for-treasury-tests-and-program-seeds-treasury"
"8b21863","2025-02-17","refactor-tests"
"038e3fe","2025-02-17","update-pool-test-and-idl-contract"
"2c84d4e","2025-02-17","refactor-tests"
"0c7bfa3","2025-02-17","fix-anchor-compilations-and-sdk-amendments"
"1a228f2","2025-02-17","update-treasury-handling-and-settlement-of-vaults"
"549dbb6","2025-02-16","Merge branch '61-fix-anchor-provider-context-in-frontend' of https://github.com/talentgram/solana-horse-race into 66-fix-bet-cancellations-treasury-withdrawals-and-pool-settlements-in-smart-contracts"
"fb6486a","2025-02-16","fix-treasury-and-refactor"
"131ea70","2025-02-16","refactor-clean"
"d62f6bb","2025-02-16","fix-bet-cancellations-with-tests"
"9c332d0","2025-02-16","update-pool-vault-signing-for-bet-cancellations"
"6142c77","2025-02-15","Merge pull request #65 from talentgram/61-fix-anchor-provider-context-in-frontend"
"2f26512","2025-02-15","clean"
"4230852","2025-02-15","fix-frontend-context-provider-issues-with-onboarding"
"e4d3794","2025-02-15","Merge pull request #64 from talentgram/migrate-graphs-to-pyth"
"211cb06","2025-02-15","migrate-to-pyth"
"6abd754","2025-02-15","resolve-conflict"
"940834d","2025-02-15","update-cancellation-program"
"4ac711f","2025-02-15","Merge pull request #59 from talentgram/58-fix-betting-in-frontend"
"c7b81fb","2025-02-15","add-cancellations"
"5815fa6","2025-02-14","apply-create-bet-to-grid"
"a3f3a92","2025-02-14","Merge pull request #55 from talentgram/54-setup-3-competitions-for-btc-eth-sol-wire-these-to-the-frontend"
"d68d717","2025-02-14","clean-build"
"d02204a","2025-02-14","update-form"
"b2079de","2025-02-14","add-frontend-changes-and-treasury"
"26a06e5","2025-02-13","Merge pull request #53 from talentgram/52-redeploy-program-for-websockets-and-settlements"
"7ec108d","2025-02-13","change-back-for-localnet-testing"
"c0417d6","2025-02-13","upgrade-environment"
"62f54ed","2025-02-13","Merge pull request #51 from talentgram/50-fix-settlement-unsufficient-funds-with-treasury"
"ec69099","2025-02-13","update-tests-with-treasury"
"ea7b301","2025-02-13","add-test-for-settlements"
"9aecba0","2025-02-13","update-test-setup"
"0912165","2025-02-13","add-treasury-for-borrow-funds"
"535476b","2025-02-13","Merge pull request #49 from talentgram/41-integrate-wallet-manager-into-the-new-uiux"
"f9fc2d2","2025-02-13","update-privy-account-integration"
"6ef55e9","2025-02-13","add-pages"
"a0573ff","2025-02-13","add-timestamp-to-bets-update-tests"
"9a517ad","2025-02-12","Merge pull request #48 from talentgram/47-integrate-admin-page-into-the-new-uiux"
"dbe595c","2025-02-12","fix-admin-page"
"e43af87","2025-02-12","Merge pull request #46 from talentgram/39-migrate-miniapp-uiux-frontend-into-the-repo"
"0f66e6b","2025-02-12","update-account-page"
"69e0e7a","2025-02-12","add-privy-connect-wallet-to-header"
"968aa31","2025-02-12","clean-build"
"b89c93f","2025-02-12","add-account-page"
"c9f9543","2025-02-12","fix-app-router"
"e8ac8c7","2025-02-12","add-privy-wallet-checker"
"4617784","2025-02-12","Merge pull request #45 from talentgram/36-add-events-for-create-bet-settlements-create-competitions"
"e609789","2025-02-12","clean-build"
"9f0f461","2025-02-12","update-target-and-idl-with-events"
"f417019","2025-02-12","add-events-to-program-with-leverage-state"
"2d3acdf","2025-02-12","Merge pull request #44 from talentgram/40-integrate-provider-into-the-miniapp-uiux"
"3213bac","2025-02-12","clean-build"
"518537a","2025-02-12","add-banana-ui-ux"
"3f87b0b","2025-02-11","Merge pull request #43 from talentgram/35-update-admin-panel-form-for-settlement-and-create-competition"
"43bbf02","2025-02-11","clean"
"83244ea","2025-02-10","update-form"
"30b14bd","2025-02-10","add-settlement-form"
"fa2462d","2025-02-10","update-for-competition-form"
"194bb8f","2025-02-10","Merge pull request #42 from talentgram/fix-pipeline"
"09e729f","2025-02-10","update-anchor"
"12dd3b9","2025-02-10","fix-pipeline"
"4c84dfd","2025-02-10","test-settlements-devnet"
"ea8d04b","2025-02-09","Merge pull request #33 from talentgram/11-create-settlement-at-the-end-of-every-game-interval"
"77c9524","2025-02-09","clean"
"c3ad230","2025-02-09","update-sdk-for-settlement-and-update-tests"
"f8dbf4f","2025-02-08","settlement-working"
"e8e31e6","2025-02-07","add-rust-unit-test-setup"
"6133cb4","2025-02-07","testing-settlements"
"9943c1a","2025-02-07","add-settlement-test-without-time-travel"
"e41f945","2025-02-06","settlement-logic-compiles"
"b7eea06","2025-02-06","update-settlement"
"6de2149","2025-02-05","add-settlement-with-treasury"
"bd29d9d","2025-02-05","Merge pull request #32 from talentgram/16-wire-competitions-sdk-into-the-admin-page"
"22ee50e","2025-02-05","disable-old-template-program-anchor"
"99738bc","2025-02-04","update-form-with-price-interval"
"ff65c1e","2025-02-04","update-pipeline-anchor-env"
"1eb03fa","2025-02-04","clean-fix-build-local"
"dcd8c57","2025-02-04","clean"
"12218c1","2025-02-04","update-form"
"89b752a","2025-02-04","update-todo"
"e99650c","2025-02-04","update-competition-dropdown"
"c83ac27","2025-02-04","add-backend-indicator-with-bet-form-adjustments"
"5897a15","2025-02-04","update-competition-form-with-create-bet-backend-hook"
"a4587cc","2025-02-03","add-pools-display"
"63f5588","2025-02-03","update-competition-display"
"0e8793b","2025-02-03","fix-bet-display"
"8b4db75","2025-02-03","debug-betting-display"
"b8fb1db","2025-02-03","merge-with-main"
"00b267a","2025-02-03","update-wallet-manager"
"36bff4f","2025-02-03","fix-startup-front-end-with-privy"
"35075fe","2025-02-02","clean"
"56b2438","2025-02-01","Merge pull request #31 from talentgram/30-add-devnet-testnet-mainnet-scripts-to-be-executed-by-admin"
"e180b07","2025-02-01","add-bet-cancellation"
"cd5eb43","2025-02-01","add-script-for-add-bet"
"0c86c52","2025-02-01","update-scripts"
"1064a47","2025-02-01","add-env-util-scripts-for-competition-pool-creation"
"4009346","2025-01-29","Merge pull request #29 from talentgram/14-fix-anchor-test-pipeline"
"bea03c6","2025-01-29","add-deploy-target-for-pipeline-with-test-update-and-program-hook-update"
"906ae8b","2025-01-28","add-backend-hooks"
"abad78a","2025-01-28","fix-sdk-with-admin-changes"
"df83800","2025-01-27","Merge pull request #28 from talentgram/27-create-sdk-lib-for-backend"
"70bb50e","2025-01-27","clean-build"
"06d2b2d","2025-01-27","clean-sdk-build-with-alterations"
"463b2bc","2025-01-27","Merge pull request #26 from talentgram/24-add-privy-delegate-actions-into-the-frontend"
"af3b4c6","2025-01-27","add-privy-delegation-to-frontend"
"9c24065","2025-01-27","Merge pull request #23 from talentgram/22-integrate-privy-wallet-into-the-mini-app-with-anchor-sdk-changes"
"4333fc7","2025-01-27","clean"
"ebe9111","2025-01-27","clean"
"b942452","2025-01-27","Merge branch 'add-privy-integration' of https://github.com/talentgram/solana-horse-race into 22-integrate-privy-wallet-into-the-mini-app-with-anchor-sdk-changes"
"836626b","2025-01-27","add-todo-for-competition-form"
"937d700","2025-01-27","update-for-versioned-transactions-and-fix-tests"
"2114be0","2025-01-27","update-to-versionTx-for-privy"
"feda248","2025-01-26","refactor-tests-and-fix-bet-cancellations"
"0438459","2025-01-26","update-hooks-with-instructions-for-privy"
"a62bc67","2025-01-26","fix-anchor-provider-frontend-and-add-smart-contract-data-quries"
"58e8f4d","2025-01-25","update-build-info"
"5d41aeb","2025-01-25","update-states-for-hook"
"8d34419","2025-01-25","Merge branch 'main' of https://github.com/talentgram/solana-horse-race into add-privy-integration"
"04a43fc","2025-01-25","update-form"
"2bf405f","2025-01-25","fix-wallet-inputs"
"64f6e93","2025-01-25","update-wallet-manager"
"b903eb3","2025-01-23","Merge pull request #20 from talentgram/9-add-pyth-oracle-price-feed-to-smart-contracts"
"e9ff254","2025-01-23","add-pyt-oracle-price-updates"
"70b7830","2025-01-22","Merge pull request #19 from talentgram/8-create-bets-per-pool"
"d9983e6","2025-01-22","fix-betting-tests-with-error-handling"
"37a7e68","2025-01-22","add-privy-client-and-test"
"828b5b1","2025-01-21","update-bet-instruction-and-parsing-for-tests"
"962a9b4","2025-01-21","fix-competition-pools-setup"
"be44c54","2025-01-20","refactor-for-betting-pools"
"3f2d4b8","2025-01-20","test-privy-provider"
"24c4116","2025-01-20","Merge branch 'main' of https://github.com/talentgram/solana-horse-race into add-privy-integration"
"e76fe3a","2025-01-19","add-bets-test"
"d903bc4","2025-01-19","Merge pull request #18 from talentgram/7-create-pools-for-game-intervalsoutcomes"
"5491429","2025-01-19","add-pools-per-competition"
"c783961","2025-01-18","fix-anchor-competition-setup"
"055ea89","2025-01-18","add-multiple-competitions"
"a91d70f","2025-01-18","add-create-pools"
"a60a73c","2025-01-17","ignore-template-tests"
"8bd5226","2025-01-17","update-pools"
"ec48a27","2025-01-16","update-create-pool"
"009b2b8","2025-01-16","update-competition-for-pool-timeframe"
"91d582a","2025-01-16","setup-competition-pooling"
"7c2602f","2025-01-16","add-pool-counter"
"cfcea3b","2025-01-15","add-pools-bets-sdk-and-amend-pool-instructions"
"ba083fc","2025-01-13","add-privy-integration"
"9b6d398","2025-01-11","add-bets-pools-for-competition"
"135b6ed","2025-01-11","add-privy-wallet-connect-button"
"1cb80aa","2025-01-10","add-privy-wallet"
"c6e5544","2025-01-09","Merge pull request #17 from talentgram/10-add-pyth-oracle-price-feed-in-the-frontend"
"92150b2","2025-01-09","add-price-feeds-front-end-pyth"
"350f3e1","2025-01-09","Merge pull request #15 from talentgram/6-create-a-betting-form-and-competition-form-for-testing"
"0122348","2025-01-09","update-routes-with-constants"
"41072ae","2025-01-09","add-admin-feature-components"
"3384bbe","2025-01-09","Merge pull request #13 from talentgram/5-add-competition-config-creation"
"2dd29db","2025-01-09","update-anchor"
"93a0909","2025-01-09","update-pipeline"
"3884037","2025-01-09","update-borsh-for-pipeline"
"794e716","2025-01-09","update-competition-passes"
"9361085","2025-01-09","competition-creation-working"
"883dd89","2025-01-09","ignore-test-validator"
"e6eaa0d","2025-01-09","fix-pda-for-competition"
"7afd919","2025-01-09","fix-pda-for-competition"
"8aa4ac9","2025-01-08","setup-tests-and-env-for-program"
"ac9e187","2025-01-07","add-test-util-setup"
"288211d","2025-01-06","refactor-sdk-setup-for-test-and-frontend-integration"
"160731e","2025-01-06","initialize-sdk-with-refactor"
"7ac88c4","2025-01-06","clean-anchor-build"
"60c48c9","2025-01-05","Merge branch '5-add-competition-config-creation' of https://github.com/talentgram/solana-horse-race into 5-add-competition-config-creation"
"2083344","2025-01-05","add-structure-for-competition"
"f159e5a","2025-01-05","add-competition"
"8ad1933","2025-01-05","Merge pull request #2 from talentgram/1-initialize-scaffold-anchor-vite-react"
"9da3562","2025-01-05","update-lock"
"2604a13","2025-01-05","init-scaffold"
"91bb8a9","2025-01-04","update"